City_ID,City,Country,Date,Lat,Lng,Max Temp,Humidity,Cloudiness,Wind Speed
0,Bilma,NE,2021-10-24 14:54:53,18.6853,12.9164,97.34,8,0,6.24
1,Wakkanai,JP,2021-10-24 14:57:30,45.4094,141.6739,52.07,64,0,5.84
2,Butaritari,KI,2021-10-24 14:57:30,3.0707,172.7902,80.13,74,11,3.78
3,Hithadhoo,MV,2021-10-24 14:57:30,-0.6,73.0833,83.43,72,56,13.76
4,San Cristobal,VE,2021-10-24 14:57:31,7.7669,-72.225,73.58,53,96,6.33
5,San Quintin,MX,2021-10-24 14:57:31,30.4833,-115.95,61.68,79,22,8.37
6,Eureka,US,2021-10-24 14:57:32,40.8021,-124.1637,60.19,90,100,7.0
7,Punta Arenas,CL,2021-10-24 14:52:46,-53.15,-70.9167,44.71,76,75,23.02
8,Georgetown,MY,2021-10-24 14:57:32,5.4112,100.3354,79.95,93,40,3.0
9,Yellowknife,CA,2021-10-24 14:57:32,62.456,-114.3525,42.42,85,75,19.57
10,Rikitea,PF,2021-10-24 14:57:33,-23.1203,-134.9692,74.62,72,87,16.31
11,Busselton,AU,2021-10-24 14:57:33,-33.65,115.3333,59.09,82,100,9.01
12,Torbay,CA,2021-10-24 14:57:34,47.6666,-52.7314,61.57,95,90,14.97
13,Hilo,US,2021-10-24 14:57:34,19.7297,-155.09,71.8,89,90,5.75
14,Qaanaaq,GL,2021-10-24 14:57:35,77.484,-69.3632,-0.87,59,0,8.52
15,Kondinskoye,RU,2021-10-24 14:57:35,59.6481,67.41,39.69,81,100,3.8
16,Msanga,TZ,2021-10-24 14:57:35,-6.05,36.0333,90.84,25,35,12.21
17,Airai,TL,2021-10-24 14:57:36,-8.9266,125.4092,63.25,89,96,0.89
18,Longyearbyen,SJ,2021-10-24 14:53:27,78.2186,15.6401,19.24,73,75,9.22
19,Grants,US,2021-10-24 14:57:36,35.1473,-107.8514,48.43,57,1,3.44
20,Namibe,AO,2021-10-24 14:54:18,-15.1961,12.1522,77.63,53,20,14.97
21,Albany,US,2021-10-24 14:55:56,42.6001,-73.9662,50.61,73,0,0.69
22,Puerto Ayora,EC,2021-10-24 14:55:19,-0.7393,-90.3518,71.56,86,99,9.22
23,Ushuaia,AR,2021-10-24 14:57:08,-54.8,-68.3,38.86,65,75,4.61
24,Saskylakh,RU,2021-10-24 14:57:37,71.9167,114.0833,-9.83,99,66,5.26
25,Mar Del Plata,AR,2021-10-24 14:57:38,-38.0023,-57.5575,61.88,61,0,8.99
26,Port Elizabeth,ZA,2021-10-24 14:57:38,-33.918,25.5701,66.09,63,40,10.36
27,Castro,BR,2021-10-24 14:57:39,-24.7911,-50.0119,60.31,98,100,4.81
28,Mataura,NZ,2021-10-24 14:57:39,-46.1927,168.8643,49.33,99,70,1.1
29,Bathsheba,BB,2021-10-24 14:57:39,13.2167,-59.5167,88.41,62,20,25.32
30,Murgab,TM,2021-10-24 14:57:40,37.4966,61.9714,64.27,36,2,4.61
31,Rio Grande,BR,2021-10-24 14:55:57,-32.035,-52.0986,66.31,46,0,14.92
32,Dikson,RU,2021-10-24 14:57:40,73.5069,80.5464,7.32,86,100,18.77
33,Cabudare,VE,2021-10-24 14:57:41,10.0289,-69.0894,83.41,68,100,4.47
34,Ribeira Grande,PT,2021-10-24 14:57:41,38.5167,-28.7,72.0,60,20,12.66
35,Tuktoyaktuk,CA,2021-10-24 14:57:42,69.4541,-133.0374,30.2,86,75,5.75
36,Jamestown,US,2021-10-24 14:55:24,42.097,-79.2353,48.72,97,90,5.01
37,Patea,NZ,2021-10-24 14:55:50,-39.7583,174.4833,59.67,81,94,9.57
38,Tuatapere,NZ,2021-10-24 14:57:43,-46.1333,167.6833,51.37,97,89,2.35
39,Villazon,BO,2021-10-24 14:57:43,-22.0866,-65.5942,55.76,12,1,2.33
40,Kirensk,RU,2021-10-24 14:57:44,57.7853,108.1119,37.04,96,100,12.35
41,Bethel,US,2021-10-24 14:57:44,41.3712,-73.414,54.54,77,2,1.99
42,Esperance,AU,2021-10-24 14:57:44,-33.8667,121.9,69.64,37,100,25.77
43,Saint-Augustin,CA,2021-10-24 14:57:45,51.226,-58.6502,47.7,83,100,14.56
44,Barrow,US,2021-10-24 14:57:45,71.2906,-156.7887,23.59,95,100,7.45
45,San Patricio,US,2021-10-24 14:57:46,28.017,-97.5169,82.27,76,14,8.23
46,Arlit,NE,2021-10-24 14:57:46,18.7369,7.3853,100.76,7,3,9.86
47,Vaini,TO,2021-10-24 14:57:47,-21.2,-175.2,66.36,94,58,4.61
48,Simpang Empat,MY,2021-10-24 14:57:47,4.95,100.6333,81.01,92,100,1.54
49,Thompson,CA,2021-10-24 14:57:47,55.7435,-97.8558,26.76,100,90,2.3
50,Lebu,CL,2021-10-24 14:57:48,-37.6167,-73.65,56.7,75,5,8.21
51,Mahebourg,MU,2021-10-24 14:54:42,-20.4081,57.7,77.29,73,40,11.5
52,Kapaa,US,2021-10-24 14:57:48,22.0752,-159.319,74.19,90,100,12.86
53,Arraial Do Cabo,BR,2021-10-24 14:57:49,-22.9661,-42.0278,73.36,88,75,9.22
54,Itapetininga,BR,2021-10-24 14:56:34,-23.5917,-48.0531,67.71,79,100,9.62
55,Nelson Bay,AU,2021-10-24 14:56:06,-32.7167,152.15,63.0,90,100,2.89
56,Kavieng,PG,2021-10-24 14:57:49,-2.5744,150.7967,81.66,79,62,10.71
57,Tual,ID,2021-10-24 14:55:25,-5.6667,132.75,82.71,76,100,7.14
58,Bluff,NZ,2021-10-24 14:57:50,-46.6,168.3333,52.3,94,94,1.79
59,Ostrovnoy,RU,2021-10-24 14:57:51,68.0531,39.5131,26.87,90,64,24.58
60,Harper,LR,2021-10-24 14:57:51,4.375,-7.7169,80.06,82,99,9.22
61,Saint-Philippe,RE,2021-10-24 14:57:51,-21.3585,55.7679,76.59,81,21,12.01
62,Hobart,AU,2021-10-24 14:54:49,-42.8794,147.3294,47.01,83,75,1.99
63,Santiago Del Estero,AR,2021-10-24 14:57:52,-27.7951,-64.2615,77.81,20,0,7.31
64,Berlevag,NO,2021-10-24 14:55:48,70.8578,29.0864,31.8,64,99,11.25
65,Adre,TD,2021-10-24 14:57:53,13.4667,22.2,92.84,18,0,9.95
66,Nizwa,OM,2021-10-24 14:57:53,22.9333,57.5333,85.66,28,37,4.5
67,San Martin,AR,2021-10-24 14:57:53,-33.081,-68.4681,70.34,15,0,12.86
68,Chuy,UY,2021-10-24 14:57:54,-33.6971,-53.4616,65.79,40,0,8.43
69,Lagoa,PT,2021-10-24 14:57:54,39.05,-27.9833,65.84,64,5,9.31
70,Ponta Delgada,PT,2021-10-24 14:57:55,37.7333,-25.6667,70.52,60,20,9.22
71,Pacific Grove,US,2021-10-24 14:56:00,36.6177,-121.9166,61.66,88,100,10.0
72,Souillac,MU,2021-10-24 14:57:55,-20.5167,57.5167,77.38,73,40,11.5
73,Megion,RU,2021-10-24 14:57:56,61.0296,76.1136,30.22,85,11,9.26
74,Ahuimanu,US,2021-10-24 14:57:56,21.4447,-157.8378,76.75,75,100,14.99
75,Diu,IN,2021-10-24 14:57:57,20.7141,70.9822,78.91,70,0,8.32
76,Pevek,RU,2021-10-24 14:57:57,69.7008,170.3133,7.88,93,100,0.67
77,Atuona,PF,2021-10-24 14:57:57,-9.8,-139.0333,77.86,71,13,15.05
78,Lompoc,US,2021-10-24 14:54:45,34.6391,-120.4579,59.13,86,90,5.75
79,Kutum,SD,2021-10-24 14:57:58,14.2,24.6667,86.29,17,1,14.25
80,Chapais,CA,2021-10-24 14:55:08,49.7834,-74.8492,37.18,61,80,4.5
81,Brokopondo,SR,2021-10-24 14:57:59,4.75,-55.1667,84.85,63,37,3.4
82,Cape Town,ZA,2021-10-24 14:56:21,-33.9258,18.4232,67.87,44,0,4.0
83,Ilulissat,GL,2021-10-24 14:54:34,69.2167,-51.1,10.09,74,95,6.33
84,Antalaha,MG,2021-10-24 14:57:59,-14.9003,50.2788,75.29,92,43,6.15
85,Cabra,ES,2021-10-24 14:58:00,37.4725,-4.4421,74.64,33,0,4.88
86,New Norfolk,AU,2021-10-24 14:58:00,-42.7826,147.0587,46.65,69,99,1.99
87,Clyde River,CA,2021-10-24 14:58:01,70.4692,-68.5914,14.05,78,31,5.79
88,Geraldton,AU,2021-10-24 14:55:24,-28.7667,114.6,66.61,72,90,11.5
89,Klaksvik,FO,2021-10-24 14:58:01,62.2266,-6.589,50.92,92,85,25.37
90,Saint George,US,2021-10-24 14:55:26,37.1041,-113.5841,61.54,46,1,1.01
91,Quatre Cocos,MU,2021-10-24 14:55:31,-20.2078,57.7625,77.11,76,25,13.53
92,San Vicente,AR,2021-10-24 14:58:02,-26.6167,-54.1333,63.18,63,86,6.35
93,Port Macquarie,AU,2021-10-24 14:58:03,-31.4333,152.9167,63.9,79,100,5.55
94,Nikolskoye,RU,2021-10-24 14:54:30,59.7035,30.7861,36.01,81,59,3.76
95,Road Town,VG,2021-10-24 14:58:03,18.4167,-64.6167,86.2,79,40,11.5
96,Iqaluit,CA,2021-10-24 14:55:29,63.7506,-68.5145,29.93,86,90,10.0
97,Naryan-Mar,RU,2021-10-24 14:58:04,67.6713,53.087,22.35,91,49,5.61
98,Calbuco,CL,2021-10-24 14:58:04,-41.768,-73.1273,52.81,88,100,13.15
99,Pontecagnano,IT,2021-10-24 14:58:05,40.6425,14.8735,68.05,74,100,14.34
100,Cidreira,BR,2021-10-24 14:58:05,-30.1811,-50.2056,67.93,54,9,15.82
101,Mecca,SA,2021-10-24 14:58:06,21.4267,39.8261,86.11,48,1,11.21
102,Shepsi,RU,2021-10-24 14:58:06,44.0361,39.1489,60.73,79,100,9.86
103,Bonthe,SL,2021-10-24 14:58:06,7.5264,-12.505,84.6,67,99,7.07
104,Sydney Mines,CA,2021-10-24 14:58:07,46.2367,-60.2177,60.19,82,75,15.01
105,Golden,US,2021-10-24 14:56:25,39.7555,-105.2211,54.77,53,40,1.99
106,Paamiut,GL,2021-10-24 14:58:07,61.994,-49.6678,30.63,33,36,7.54
107,Vikulovo,RU,2021-10-24 14:58:08,56.8167,70.6107,43.9,84,100,6.08
108,Komsomolskiy,UZ,2021-10-24 14:55:38,40.4272,71.7189,50.72,32,0,4.61
109,Tromso,NO,2021-10-24 14:56:03,69.6496,18.957,31.37,86,0,2.3
110,Mitsamiouli,KM,2021-10-24 14:58:08,-11.3847,43.2844,88.09,51,40,16.11
111,Petropavlovsk-Kamchatskiy,RU,2021-10-24 14:58:09,53.0452,158.6483,25.39,86,0,11.18
112,Provideniya,RU,2021-10-24 14:58:09,64.3833,-173.3,19.54,82,47,7.63
113,Vila Velha,BR,2021-10-24 14:54:48,-20.3297,-40.2925,89.55,51,0,17.27
114,Tasiilaq,GL,2021-10-24 14:58:10,65.6145,-37.6368,29.75,91,100,32.55
115,Synya,RU,2021-10-24 14:58:10,65.3718,58.0387,23.16,97,100,3.74
116,Carnarvon,AU,2021-10-24 14:58:11,-24.8667,113.6333,69.87,73,90,12.66
117,Coihaique,CL,2021-10-24 14:58:11,-45.5752,-72.0662,50.61,94,91,13.58
118,Bullhead City,US,2021-10-24 14:58:11,35.1478,-114.5683,68.72,45,75,0.0
119,Margate,GB,2021-10-24 14:58:12,51.3813,1.3862,58.03,67,76,4.0
120,Puerto Escondido,MX,2021-10-24 14:58:12,15.85,-97.0667,81.61,65,97,3.27
121,East London,ZA,2021-10-24 14:56:13,-33.0153,27.9116,63.9,59,69,11.79
122,Saldanha,ZA,2021-10-24 14:58:13,-33.0117,17.9442,69.85,66,0,22.01
123,Avarua,CK,2021-10-24 14:58:13,-21.2078,-159.775,69.85,68,47,5.75
124,Buta,CD,2021-10-24 14:58:14,2.7858,24.73,74.97,94,54,7.18
125,Port Alfred,ZA,2021-10-24 14:54:12,-33.5906,26.891,63.28,62,37,9.55
126,Codajas,BR,2021-10-24 14:58:14,-3.8367,-62.0569,95.97,42,93,3.87
127,Natal,BR,2021-10-24 14:55:35,-5.795,-35.2094,86.65,62,40,14.97
128,Acarau,BR,2021-10-24 14:58:15,-2.8856,-40.12,86.97,59,99,17.76
129,Umm Lajj,SA,2021-10-24 14:58:15,25.0213,37.2685,80.67,63,0,8.23
130,Nikki,BJ,2021-10-24 14:58:16,9.9401,3.2108,89.56,45,74,6.22
131,Nangomba,TZ,2021-10-24 14:58:16,-10.9,38.5,96.82,19,68,5.66
132,Boa Vista,BR,2021-10-24 14:58:16,2.8197,-60.6733,89.58,55,75,9.22
133,Tandil,AR,2021-10-24 14:58:17,-37.3217,-59.1332,64.22,44,0,11.61
134,Kromy,RU,2021-10-24 14:58:17,52.6876,35.7667,38.14,70,100,14.38
135,Mount Isa,AU,2021-10-24 14:58:17,-20.7333,139.5,78.57,50,91,14.97
136,Wilson,US,2021-10-24 14:54:17,36.1501,-86.2833,69.24,65,75,17.27
137,Beloha,MG,2021-10-24 14:58:18,-25.1667,45.05,78.12,53,0,10.4
138,Chokurdakh,RU,2021-10-24 14:54:45,70.6333,147.9167,-12.17,99,97,3.27
139,Baruun-Urt,MN,2021-10-24 14:58:19,46.6806,113.2792,38.55,38,97,7.52
140,Kortkeros,RU,2021-10-24 14:58:19,61.8106,51.5806,26.6,76,100,3.69
141,Kirakira,SB,2021-10-24 14:55:05,-10.4544,161.9205,79.14,85,40,7.56
142,Damaturu,NG,2021-10-24 14:58:20,11.747,11.9608,97.88,16,100,9.62
143,Hermanus,ZA,2021-10-24 14:58:20,-34.4187,19.2345,66.79,61,0,13.96
144,Vostok,RU,2021-10-24 14:58:20,46.4856,135.8833,31.59,82,0,5.26
145,Tongchuan,CN,2021-10-24 14:58:21,35.0806,109.0897,51.57,83,91,1.81
146,Marawi,PH,2021-10-24 14:56:09,7.9986,124.2928,66.65,90,100,2.04
147,Minab,IR,2021-10-24 14:54:35,27.1467,57.0801,87.3,60,0,8.3
148,Sidi Ali,DZ,2021-10-24 14:58:22,36.0998,0.4206,67.59,52,0,12.57
149,Batsfjord,NO,2021-10-24 14:58:22,70.6345,29.7185,31.78,86,75,5.75
150,Sept-Iles,CA,2021-10-24 14:58:22,50.2001,-66.3821,49.05,96,90,1.01
151,High Rock,BS,2021-10-24 14:58:23,26.6208,-78.2833,78.82,75,100,12.1
152,Isangel,VU,2021-10-24 14:58:23,-19.55,169.2667,73.08,85,44,9.89
153,Bredasdorp,ZA,2021-10-24 14:58:24,-34.5322,20.0403,66.27,44,0,12.15
154,Hamilton,US,2021-10-24 14:58:24,39.1834,-84.5333,57.07,96,90,1.01
155,Beaucaire,FR,2021-10-24 14:58:25,43.8081,4.6442,73.56,45,0,3.44
156,San Felipe,VE,2021-10-24 14:58:25,10.3399,-68.7425,81.46,79,99,1.77
157,Cayenne,GF,2021-10-24 14:58:25,4.9333,-52.3333,86.09,79,75,7.0
158,Zarate,AR,2021-10-24 14:58:26,-34.0981,-59.0286,74.21,24,0,14.92
159,Ayr,GB,2021-10-24 14:58:26,55.4627,-4.6339,60.21,72,40,18.41
160,Kaitangata,NZ,2021-10-24 14:58:27,-46.2817,169.8464,51.06,95,100,1.28
161,Bella Union,UY,2021-10-24 14:58:27,-30.2752,-57.6007,72.09,35,0,4.97
162,Ancud,CL,2021-10-24 14:58:27,-41.8697,-73.8203,58.42,95,100,15.28
163,Xinmin,CN,2021-10-24 14:58:28,41.9908,122.8253,52.29,82,1,10.02
164,Khatanga,RU,2021-10-24 14:58:28,71.9667,102.5,0.36,90,83,16.31
165,Papar,MY,2021-10-24 14:58:29,5.7333,115.9333,80.6,90,85,3.69
166,Alofi,NU,2021-10-24 14:58:29,-19.0595,-169.9187,67.89,83,45,4.61
167,Sao Filipe,CV,2021-10-24 14:58:29,14.8961,-24.4956,80.96,64,11,7.14
168,Price,US,2021-10-24 14:58:30,39.5994,-110.8107,41.72,71,97,0.96
169,Nishihara,JP,2021-10-24 14:58:30,26.1842,127.7558,72.68,83,40,3.44
170,Aracati,BR,2021-10-24 14:58:31,-4.5617,-37.7697,88.88,49,93,15.12
171,Tahta,EG,2021-10-24 14:58:31,26.7693,31.5021,84.52,21,0,16.51
172,Kungsbacka,SE,2021-10-24 14:58:31,57.4872,12.0761,52.25,82,100,15.99
173,Puerto Quijarro,BO,2021-10-24 14:58:32,-17.7833,-57.7667,69.12,95,100,9.78
174,Darhan,MN,2021-10-24 14:58:32,49.4867,105.9228,38.55,51,5,1.45
175,Yaan,NG,2021-10-24 14:58:33,7.3833,8.5667,86.7,57,41,4.74
176,Sao Jose Da Coroa Grande,BR,2021-10-24 14:58:33,-8.8978,-35.1478,82.42,66,95,14.67
177,Haverfordwest,GB,2021-10-24 14:58:33,51.8017,-4.9691,61.16,84,0,8.01
178,Husavik,IS,2021-10-24 14:58:34,66.0449,-17.3389,33.71,97,100,7.05
179,Manokwari,ID,2021-10-24 14:58:34,-0.8667,134.0833,77.79,81,97,3.31
180,Mildura,AU,2021-10-24 14:58:35,-34.2,142.15,53.56,50,0,8.05
181,Bubaque,GW,2021-10-24 14:55:24,11.2833,-15.8333,82.22,73,100,6.71
182,Sitka,US,2021-10-24 14:58:35,57.0531,-135.33,41.23,87,98,6.24
183,Asau,RO,2021-10-24 14:58:35,46.4333,26.4,51.76,52,65,3.69
184,Beringovskiy,RU,2021-10-24 14:58:36,63.05,179.3167,8.44,85,30,6.85
185,Bengkulu,ID,2021-10-24 14:58:36,-3.8004,102.2655,76.8,89,100,6.31
186,Henties Bay,NA,2021-10-24 14:58:37,-22.116,14.2845,63.86,75,4,11.25
187,Guarapari,BR,2021-10-24 14:58:37,-20.6667,-40.4975,89.49,61,1,15.12
188,Kaeo,NZ,2021-10-24 14:58:37,-35.1,173.7833,60.33,97,71,3.22
189,Havre-Saint-Pierre,CA,2021-10-24 14:58:38,50.2334,-63.5986,48.2,100,90,3.44
190,Ixtapa,MX,2021-10-24 14:58:38,20.7,-105.2,80.22,82,100,2.06
191,Micheweni,TZ,2021-10-24 14:58:39,-4.9667,39.8333,80.53,73,14,8.52
192,Kavaratti,IN,2021-10-24 14:54:33,10.5669,72.642,82.24,72,94,1.41
193,Byron Bay,AU,2021-10-24 14:58:39,-28.65,153.6167,71.55,89,98,7.61
194,Castelo Do Piaui,BR,2021-10-24 14:58:39,-5.3222,-41.5525,97.81,31,79,7.05
195,Vila Franca Do Campo,PT,2021-10-24 14:58:40,37.7167,-25.4333,70.21,56,21,6.51
196,Gat,IL,2021-10-24 14:58:40,31.61,34.7642,74.39,100,0,12.3
197,Alamosa,US,2021-10-24 14:58:41,37.4695,-105.87,42.31,62,81,2.59
198,Port-Gentil,GA,2021-10-24 14:52:24,-0.7193,8.7815,87.76,66,75,11.5
199,Cassilandia,BR,2021-10-24 14:56:27,-19.1133,-51.7342,73.2,78,100,6.76
200,Cherskiy,RU,2021-10-24 14:55:44,68.75,161.3,-9.31,97,100,5.84
201,Daru,PG,2021-10-24 14:55:57,-9.0763,143.2092,79.25,88,67,13.11
202,Victoria,HK,2021-10-24 14:54:20,22.2855,114.1577,71.58,73,55,1.99
203,Lasa,IT,2021-10-24 14:58:42,46.6166,10.7002,59.74,53,0,3.4
204,Chisinau,MD,2021-10-24 14:58:42,47.0056,28.8575,50.43,52,0,1.99
205,Lobva,RU,2021-10-24 14:58:43,59.1854,60.5185,40.55,83,100,3.62
206,Katsuura,JP,2021-10-24 14:55:14,35.1333,140.3,60.91,60,99,7.07
207,Tigil,RU,2021-10-24 14:51:56,57.8,158.6667,22.87,99,100,2.86
208,Yarmouth,US,2021-10-24 14:58:43,41.7057,-70.2286,53.24,64,0,15.99
209,Sungairaya,ID,2021-10-24 14:58:44,0.7,108.9,79.84,81,43,3.89
210,Huarmey,PE,2021-10-24 14:58:44,-10.0681,-78.1522,67.95,73,25,9.15
211,Yar-Sale,RU,2021-10-24 14:58:45,66.8333,70.8333,26.58,75,81,21.99
212,Krasnyye Tkachi,RU,2021-10-24 14:58:45,57.4926,39.7563,33.62,75,85,16.08
213,Matara,LK,2021-10-24 14:54:27,5.9485,80.5353,78.94,81,44,9.08
214,Guaymas,MX,2021-10-24 14:58:46,27.9333,-110.9,67.89,78,1,8.21
215,Soe,ID,2021-10-24 14:58:46,-9.8607,124.284,68.9,87,100,3.31
216,Palmer,US,2021-10-24 14:58:46,42.1584,-72.3287,53.31,54,0,1.01
217,Faanui,PF,2021-10-24 14:58:47,-16.4833,-151.75,75.58,91,100,13.53
218,Haines Junction,CA,2021-10-24 14:55:15,60.7522,-137.5108,13.95,92,9,2.3
219,Enshi,CN,2021-10-24 14:58:47,30.3,109.4833,54.52,86,46,1.16
220,Norman Wells,CA,2021-10-24 14:58:48,65.282,-126.8329,17.64,93,75,3.44
221,Masvingo,ZW,2021-10-24 14:58:48,-20.0637,30.8277,78.17,50,97,7.61
222,Cerro De Pasco,PE,2021-10-24 14:58:49,-10.6833,-76.2667,55.02,25,4,7.47
223,Nambucca Heads,AU,2021-10-24 14:58:49,-30.65,153.0,66.16,80,99,4.41
224,Waingapu,ID,2021-10-24 14:58:49,-9.6567,120.2641,80.4,80,88,2.48
225,Mendi,PG,2021-10-24 14:58:50,-6.1761,143.6513,53.92,97,100,3.38
226,Tiksi,RU,2021-10-24 14:54:41,71.6872,128.8694,3.76,97,100,7.85
227,Najran,SA,2021-10-24 14:55:09,17.4924,44.1277,83.05,14,0,9.42
228,Harrison,US,2021-10-24 14:58:50,30.4091,-89.0436,74.3,90,100,7.27
229,Rongcheng,CN,2021-10-24 14:58:51,30.634,117.8517,58.08,88,57,1.83
230,Wahpeton,US,2021-10-24 14:58:51,46.2652,-96.6059,41.72,75,75,10.36
231,Manta,EC,2021-10-24 14:54:17,-0.95,-80.7333,74.98,88,90,9.22
232,Goderich,CA,2021-10-24 14:58:52,43.7501,-81.7165,52.03,87,45,5.75
233,Skjervoy,NO,2021-10-24 14:58:52,70.0311,20.9714,32.18,64,100,14.81
234,Gizo,SB,2021-10-24 14:58:52,-8.103,156.8419,82.09,75,46,4.81
235,Chumikan,RU,2021-10-24 14:58:53,54.7183,135.315,38.07,80,73,15.21
236,Constitucion,CL,2021-10-24 14:58:53,-35.3333,-72.4167,62.2,55,0,14.94
237,Tsabong,BW,2021-10-24 14:58:54,-26.0217,22.401,79.75,16,0,5.95
238,Mao,ES,2021-10-24 14:58:54,39.8885,4.2658,70.36,73,20,12.66
239,Guerrero Negro,MX,2021-10-24 14:58:54,27.9769,-114.0611,65.61,70,0,11.99
240,Karatau,KZ,2021-10-24 14:58:55,43.1667,70.4667,48.72,43,0,3.96
241,Srednekolymsk,RU,2021-10-24 14:58:55,67.45,153.6833,-10.08,97,98,2.84
242,Yulara,AU,2021-10-24 14:58:56,-25.2406,130.9889,69.64,37,24,12.66
243,Hofn,IS,2021-10-24 14:58:56,64.2539,-15.2082,48.22,87,75,10.36
244,Hualmay,PE,2021-10-24 14:54:30,-11.0964,-77.6139,66.81,72,43,9.19
245,Venado Tuerto,AR,2021-10-24 14:58:56,-33.7456,-61.9688,71.78,19,0,15.5
246,Malibu,US,2021-10-24 14:58:57,34.005,-118.8101,62.26,93,100,3.4
247,Tahe,CN,2021-10-24 14:58:57,52.3333,124.7333,34.38,82,61,3.0
248,Bodden Town,KY,2021-10-24 14:54:06,19.2833,-81.25,87.98,74,20,8.99
249,Kalemie,CD,2021-10-24 14:58:58,-5.9475,29.1947,80.8,61,78,3.36
250,Lisala,CD,2021-10-24 14:58:58,2.15,21.5167,80.62,72,88,1.72
251,Pierre,US,2021-10-24 14:58:59,44.3683,-100.351,44.85,86,90,5.99
252,Newport,GB,2021-10-24 14:58:59,51.5877,-2.9984,62.02,84,94,15.23
253,Linfen,CN,2021-10-24 14:59:00,36.0889,111.5189,56.39,62,8,2.64
254,Okmulgee,US,2021-10-24 14:59:00,35.6234,-95.9605,74.75,73,1,21.85
255,Nanortalik,GL,2021-10-24 14:59:00,60.1432,-45.2371,35.42,70,68,8.93
256,Sioux Lookout,CA,2021-10-24 14:56:54,50.1001,-91.917,30.58,93,75,4.61
257,Yabassi,CM,2021-10-24 14:59:01,4.457,9.9682,89.24,59,54,2.68
258,Raga,SS,2021-10-24 14:59:02,8.4596,25.678,90.09,49,42,1.45
259,Monrovia,LR,2021-10-24 14:55:56,6.3005,-10.7969,81.91,74,86,6.8
260,Port Keats,AU,2021-10-24 14:59:03,-14.25,129.55,81.82,75,97,7.11
261,Padang,ID,2021-10-24 14:59:03,-0.9492,100.3543,77.05,91,100,0.63
262,Ayia Marina,GR,2021-10-24 14:59:03,37.75,23.5333,68.09,72,100,22.28
263,Karratha,AU,2021-10-24 14:59:04,-20.7377,116.8463,79.54,56,6,9.91
264,Kodiak,US,2021-10-24 14:59:04,57.79,-152.4072,45.91,81,75,8.05
265,Codrington,AU,2021-10-24 14:59:05,-38.2667,141.9667,51.08,60,100,12.93
266,Carutapera,BR,2021-10-24 14:59:05,-1.195,-46.02,89.89,53,6,9.91
267,College,US,2021-10-24 14:54:58,64.8569,-147.8028,30.2,90,90,0.0
268,Altay,CN,2021-10-24 14:59:06,47.8667,88.1167,31.48,55,0,4.68
269,Novoorsk,RU,2021-10-24 14:59:06,51.381,58.9813,54.25,33,94,12.84
270,Northam,GB,2021-10-24 14:59:06,51.0333,-4.2167,62.65,84,5,15.08
271,Mumbwa,ZM,2021-10-24 14:59:07,-14.9783,27.0619,91.35,20,89,1.9
272,Chernyshevskiy,RU,2021-10-24 14:59:07,63.0128,112.4714,30.88,97,100,8.28
273,Lavrentiya,RU,2021-10-24 14:59:08,65.5833,-171.0,21.97,85,100,10.74
274,Zhicheng,CN,2021-10-24 14:59:08,30.2956,111.5047,57.78,60,48,3.22
275,Ponta Do Sol,PT,2021-10-24 14:59:08,32.6667,-17.1,74.01,50,37,5.86
276,Praia,CV,2021-10-24 14:59:09,14.9215,-23.5087,86.54,54,20,21.85
277,Cabo San Lucas,MX,2021-10-24 14:56:31,22.8909,-109.9124,77.5,72,2,10.76
278,Santa Comba,ES,2021-10-24 14:59:09,43.0331,-8.8093,61.32,78,73,5.28
279,Romny,UA,2021-10-24 14:59:10,50.751,33.4747,41.49,68,100,13.04
280,Tacna,PE,2021-10-24 14:59:10,-18.0056,-70.2483,58.1,72,90,2.3
281,Terrace,CA,2021-10-24 14:57:11,54.5163,-128.6035,39.11,87,20,26.46
282,Trairi,BR,2021-10-24 14:54:03,-3.2778,-39.2689,88.18,53,65,15.32
283,Marystown,CA,2021-10-24 14:59:11,47.1666,-55.1483,59.86,100,100,5.99
284,Bronnitsy,RU,2021-10-24 14:59:11,55.4194,38.2708,37.72,75,75,15.66
285,Ous,RU,2021-10-24 14:59:12,60.9058,61.5186,33.39,90,100,3.6
286,Zhigansk,RU,2021-10-24 14:59:12,66.7697,123.3711,20.88,94,92,8.72
287,Ozernovskiy,RU,2021-10-24 14:59:13,51.5,156.5167,38.14,70,90,15.37
288,Poum,NC,2021-10-24 14:56:08,-20.2333,164.0167,73.72,79,32,8.1
289,La Asuncion,VE,2021-10-24 14:59:13,11.0333,-63.8628,82.72,73,67,16.17
290,Zambezi,ZM,2021-10-24 14:59:14,-13.5432,23.1047,93.79,25,84,4.14
291,Knysna,ZA,2021-10-24 14:59:14,-34.0363,23.0471,64.78,55,35,6.87
292,Atar,MR,2021-10-24 14:59:15,20.5169,-13.0499,99.75,13,5,7.92
293,Qeshm,IR,2021-10-24 14:59:15,26.9581,56.2719,87.67,70,0,14.27
294,Nuristan,AF,2021-10-24 14:59:16,35.3,70.8333,23.99,74,92,2.26
295,Olafsvik,IS,2021-10-24 14:59:16,64.8945,-23.7142,42.26,86,99,14.54
296,Sol-Iletsk,RU,2021-10-24 14:59:16,51.1631,54.9918,50.61,96,100,8.61
297,Miramar,US,2021-10-24 14:57:14,25.9873,-80.2323,85.01,85,75,8.05
298,Bud,US,2021-10-24 14:55:15,39.447,-86.1758,56.7,98,100,9.35
299,Wilmington,US,2021-10-24 14:57:44,34.2257,-77.9447,77.86,73,13,1.99
300,Vargashi,RU,2021-10-24 14:59:17,55.3556,65.8467,49.89,67,100,21.07
301,Soderhamn,SE,2021-10-24 14:59:18,61.3037,17.0592,48.04,82,100,9.51
302,Aklavik,CA,2021-10-24 14:59:18,68.2191,-135.0107,25.63,93,75,5.75
303,San Lawrenz,MT,2021-10-24 14:59:19,36.0553,14.204,76.86,85,4,3.0
304,Santa Isabel Do Rio Negro,BR,2021-10-24 14:59:19,-0.4139,-65.0192,95.05,46,84,3.0
305,Borogontsy,RU,2021-10-24 14:59:20,62.6683,131.1683,20.46,98,100,2.1
306,Sinnamary,GF,2021-10-24 14:55:56,5.3833,-52.95,81.16,86,44,9.51
307,Taoudenni,ML,2021-10-24 14:59:20,22.6783,-3.9836,98.49,13,0,3.15
308,Acajutla,SV,2021-10-24 14:59:21,13.5928,-89.8275,83.48,67,71,1.28
309,Virden,US,2021-10-24 14:59:21,39.5009,-89.7679,59.5,97,100,9.1
310,Gimli,CA,2021-10-24 14:55:54,50.6336,-96.9907,39.22,75,44,9.22
311,Vanimo,PG,2021-10-24 14:59:22,-2.6741,141.3028,79.02,86,100,5.06
312,Kelcyre,AL,2021-10-24 14:59:22,40.3131,20.1894,62.2,76,100,4.94
313,Ballina,AU,2021-10-24 14:59:22,-28.8667,153.5667,69.76,87,90,8.05
314,Aykhal,RU,2021-10-24 14:59:23,66.0,111.5,22.17,97,99,5.77
315,Qaqortoq,GL,2021-10-24 14:54:47,60.7167,-46.0333,33.53,47,99,1.92
316,Batemans Bay,AU,2021-10-24 14:59:23,-35.7167,150.1833,55.98,72,100,1.74
317,Naron,ES,2021-10-24 14:55:32,43.5167,-8.1528,67.59,75,10,7.72
318,Sakakah,SA,2021-10-24 14:59:24,29.9697,40.2064,83.77,20,0,6.2
319,Copacabana,CO,2021-10-24 14:59:24,6.3463,-75.5089,80.01,57,61,1.66
320,Caravelas,BR,2021-10-24 14:54:54,-17.7125,-39.2481,85.64,61,40,10.76
321,Bosaso,SO,2021-10-24 14:59:25,11.2842,49.1816,84.18,74,20,13.8
322,Titlagarh,IN,2021-10-24 14:59:25,20.3,83.15,71.49,68,69,2.15
323,Gunjur,GM,2021-10-24 14:59:26,13.2019,-16.7339,89.67,70,40,4.61
324,Sao Joao Da Barra,BR,2021-10-24 14:55:33,-21.6403,-41.0511,84.29,73,18,9.44
325,Los Llanos De Aridane,ES,2021-10-24 14:59:26,28.6585,-17.9182,71.35,78,75,10.36
326,Raiganj,IN,2021-10-24 14:59:26,25.6167,88.1167,75.67,75,0,3.29
327,Cacoal,BR,2021-10-24 14:59:27,-11.4386,-61.4472,97.27,38,69,5.03
328,Neiafu,TO,2021-10-24 14:59:27,-18.65,-173.9833,74.08,73,75,5.75
329,Salinas,US,2021-10-24 14:59:28,36.6777,-121.6555,62.08,63,100,6.4
330,Waitati,NZ,2021-10-24 14:59:28,-45.75,170.5667,49.73,97,24,5.79
331,Coracao De Jesus,BR,2021-10-24 14:59:29,-16.6853,-44.365,83.12,37,33,7.43
332,Sakaiminato,JP,2021-10-24 14:59:29,35.55,133.2333,53.58,87,75,4.61
333,Kraskino,RU,2021-10-24 14:59:30,42.7114,130.7794,46.54,58,0,3.98
334,Lerwick,GB,2021-10-24 14:59:30,60.1545,-1.1494,53.6,91,83,16.73
335,Puerto Madero,MX,2021-10-24 14:59:30,14.7208,-92.4215,81.05,78,98,4.27
336,Iracoubo,GF,2021-10-24 14:59:31,5.4802,-53.2011,81.46,84,58,9.19
337,Teknaf,BD,2021-10-24 14:53:33,20.8624,92.3058,76.28,80,83,5.06
338,Verin,ES,2021-10-24 14:59:31,41.9415,-7.4381,67.28,55,21,6.02
339,San Policarpo,PH,2021-10-24 14:59:32,12.1791,125.5072,79.36,85,95,5.7
340,Luderitz,NA,2021-10-24 14:59:32,-26.6481,15.1594,70.95,48,0,28.27
341,Labuhan,ID,2021-10-24 14:54:40,-6.8844,112.2051,80.78,76,86,7.61
342,Augusta,DE,2021-10-24 14:59:33,48.3667,10.8833,57.02,61,0,5.75
343,Alice Springs,AU,2021-10-24 14:56:12,-23.7,133.8833,65.75,52,100,8.05
344,Carovigno,IT,2021-10-24 14:59:33,40.708,17.655,66.27,65,100,14.03
345,Inuvik,CA,2021-10-24 14:59:34,68.3499,-133.7218,25.81,93,90,4.61
346,Zhob,PK,2021-10-24 14:59:34,31.3411,69.4481,61.25,51,19,4.14
347,Ceres,US,2021-10-24 14:59:34,37.5949,-120.9577,64.26,47,100,16.15
348,Inirida,CO,2021-10-24 14:59:35,3.8653,-67.9239,85.64,68,99,2.3
349,Kuopio,FI,2021-10-24 14:59:07,62.8924,27.677,31.95,74,0,5.75
350,Bitung,ID,2021-10-24 14:59:36,1.4451,125.1824,76.05,84,58,4.59
351,Pechora,RU,2021-10-24 14:59:36,65.1472,57.2244,24.71,96,100,3.6
352,Broome,US,2021-10-24 14:54:42,42.2506,-75.833,49.62,84,75,1.01
353,Thinadhoo,MV,2021-10-24 14:59:37,0.5333,72.9333,83.84,69,36,13.71
354,Burnie,AU,2021-10-24 14:59:37,-41.0667,145.9167,44.94,70,9,7.49
355,Ayan,RU,2021-10-24 14:59:38,56.45,138.1667,39.63,66,100,5.03
356,Nioro,GM,2021-10-24 14:59:38,13.35,-15.75,91.87,51,59,4.5
357,Cumbum,IN,2021-10-24 14:59:38,9.7333,77.3,74.41,93,100,4.5
358,Wuhan,CN,2021-10-24 14:59:39,30.5833,114.2667,53.69,50,20,2.48
359,Llangefni,GB,2021-10-24 14:59:39,53.2556,-4.3106,58.78,82,40,17.27
360,Kruisfontein,ZA,2021-10-24 14:59:39,-34.0033,24.7314,63.88,45,1,10.38
361,Kismayo,SO,2021-10-24 14:59:40,-0.3582,42.5454,79.39,80,18,12.75
362,Banda Aceh,ID,2021-10-24 14:59:41,5.5577,95.3222,79.79,82,100,6.73
363,Vestmanna,FO,2021-10-24 14:59:41,62.1564,-7.1664,49.12,100,90,13.8
364,Gazanjyk,TM,2021-10-24 14:59:41,39.2446,55.5154,61.14,17,64,5.41
365,Namatanai,PG,2021-10-24 14:50:30,-3.6667,152.4333,79.36,81,96,6.4
366,Luganville,VU,2021-10-24 14:59:42,-15.5333,167.1667,78.15,87,71,7.65
367,Pimentel,PE,2021-10-24 14:59:42,-6.8367,-79.9342,66.49,72,20,11.5
368,Severnyy,RU,2021-10-24 14:59:43,50.677,36.5532,44.64,61,0,11.18
369,Udachnyy,RU,2021-10-24 14:59:43,66.4167,112.4,9.7,99,45,4.43
370,Copiapo,CL,2021-10-24 14:59:43,-27.3667,-70.3333,58.69,26,0,6.42
371,Samarai,PG,2021-10-24 14:59:44,-10.6167,150.6667,80.6,85,22,10.74
372,Nouna,BF,2021-10-24 14:59:44,12.7333,-3.8667,92.66,34,83,11.92
373,Port Hardy,CA,2021-10-24 14:55:11,50.6996,-127.4199,53.6,76,90,18.41
374,Maracas,BR,2021-10-24 14:59:45,-13.4411,-40.4308,77.94,63,100,4.25
375,Mayo,US,2021-10-24 14:59:45,38.8876,-76.5119,60.37,74,100,4.0
376,Atherton,GB,2021-10-24 14:56:09,53.5237,-2.4935,58.71,81,90,5.01
377,Severo-Kurilsk,RU,2021-10-24 14:59:46,50.6789,156.125,37.78,72,56,14.07
378,Moose Factory,CA,2021-10-24 14:55:58,51.2585,-80.6094,33.8,100,90,0.0
379,Akyab,MM,2021-10-24 14:54:55,20.15,92.9,78.93,74,96,5.93
380,La Ronge,CA,2021-10-24 14:54:38,55.1001,-105.2842,35.85,80,75,20.71
381,Tyrma,RU,2021-10-24 14:59:47,50.0833,132.1667,32.34,90,2,0.89
382,Phalaborwa,ZA,2021-10-24 14:59:47,-23.943,31.1411,74.48,51,98,17.38
383,Benguela,AO,2021-10-24 14:59:47,-12.5763,13.4055,78.58,64,11,7.47
384,Ahar,IR,2021-10-24 14:56:06,38.4774,47.0699,55.72,43,0,5.08
385,Ugoofaaru,MV,2021-10-24 14:55:20,5.6667,73.0,82.8,74,87,13.27
386,Libreville,GA,2021-10-24 14:59:25,0.3925,9.4537,84.22,79,40,11.5
387,Kuryk,KZ,2021-10-24 14:59:49,43.2,51.65,57.16,41,3,4.14
388,Victor Harbor,AU,2021-10-24 14:59:49,-35.5667,138.6167,55.0,70,2,9.62
389,Vyshkov,RU,2021-10-24 14:59:50,52.4764,31.6873,40.89,61,100,11.65
390,Sur,OM,2021-10-24 14:59:50,22.5667,59.5289,82.24,61,0,1.66
391,Samfya,ZM,2021-10-24 14:59:50,-11.3649,29.5565,93.56,21,31,1.66
392,Fortuna,US,2021-10-24 14:50:54,40.5982,-124.1573,59.92,73,90,1.01
393,Vila,PT,2021-10-24 14:59:51,42.0304,-8.1588,60.75,65,100,2.44
394,Kokopo,PG,2021-10-24 14:59:51,-4.352,152.2633,76.46,79,68,5.1
395,Lorengau,PG,2021-10-24 14:59:52,-2.0226,147.2712,81.79,77,100,7.09
396,Narsaq,GL,2021-10-24 14:55:09,60.9167,-46.05,31.14,43,86,3.98
397,Saint-Georges,GD,2021-10-24 14:58:24,12.0564,-61.7485,87.48,62,20,18.41
398,Bereda,ES,2021-10-24 14:59:52,43.2686,-7.5406,62.91,100,97,1.95
399,Araouane,ML,2021-10-24 14:59:53,18.9048,-3.5265,101.59,16,27,7.65
400,Flinders,AU,2021-10-24 14:59:53,-34.5833,150.8552,58.8,85,62,5.95
401,Greeneville,US,2021-10-24 14:57:15,36.1632,-82.831,68.16,71,1,0.0
402,Czluchow,PL,2021-10-24 14:59:54,53.6672,17.3588,46.13,73,86,5.86
403,Serta,PT,2021-10-24 14:59:54,39.8085,-8.0988,79.0,31,0,6.29
404,Faxinal,BR,2021-10-24 14:59:55,-24.0003,-51.3194,61.56,98,100,6.02
405,Dobric,RS,2021-10-24 14:59:55,44.7019,19.5814,55.8,53,2,5.32
406,Mareeba,AU,2021-10-24 14:55:27,-17.0,145.4333,68.72,95,63,3.24
407,Stara Vyzhivka,UA,2021-10-24 14:59:56,51.4376,24.44,42.57,57,80,5.59
408,Leningradskiy,RU,2021-10-24 14:59:56,69.3833,178.4167,9.81,95,100,7.11
409,Taga,RO,2021-10-24 14:59:56,46.95,24.05,52.48,51,6,6.46
410,Utete,TZ,2021-10-24 14:59:57,-7.986,38.758,85.21,48,19,12.33
411,Hailar,CN,2021-10-24 14:59:57,49.2,119.7,35.69,56,3,6.55
412,Mayya,RU,2021-10-24 14:59:58,61.7333,130.2811,31.32,95,100,5.28
413,Zaozerne,UA,2021-10-24 14:59:58,45.1582,33.2787,50.95,49,6,12.59
414,Viedma,AR,2021-10-24 14:59:59,-40.8135,-62.9967,71.26,15,22,24.83
415,Slavsk,RU,2021-10-24 14:59:59,55.0425,21.677,43.77,70,100,5.1
416,Buala,SB,2021-10-24 14:59:59,-8.145,159.5921,79.14,82,64,3.67
417,Dalvik,IS,2021-10-24 14:57:16,65.9702,-18.5286,33.73,96,100,2.95
418,Zabol,AF,2021-10-24 15:00:00,32.25,67.25,51.93,17,0,6.93
419,Apatity,RU,2021-10-24 15:00:01,67.5641,33.4031,22.69,83,18,5.39
420,Tabas,IR,2021-10-24 15:00:02,33.5959,56.9244,67.59,11,17,3.51
421,Napanee,CA,2021-10-24 14:56:36,44.2501,-76.9494,53.44,63,43,6.08
422,Urumqi,CN,2021-10-24 15:00:03,43.801,87.6005,38.35,60,0,2.24
423,Maine-Soroa,NE,2021-10-24 15:00:04,13.2114,12.0241,99.03,12,29,12.95
424,Upernavik,GL,2021-10-24 15:00:07,72.7868,-56.1549,16.39,68,100,9.57
425,Chara,RU,2021-10-24 15:00:08,56.9064,118.2631,28.62,64,54,1.52
426,Tignere,CM,2021-10-24 15:00:09,7.3667,12.65,76.87,68,19,5.12
427,Prykolotne,UA,2021-10-24 15:00:12,50.1604,37.3474,44.6,59,96,13.4
428,Chadan,RU,2021-10-24 15:00:13,51.2833,91.5833,36.21,57,74,2.55
429,Kitimat,CA,2021-10-24 15:00:15,54.0524,-128.6534,37.9,29,60,7.16
430,Lokoja,NG,2021-10-24 15:00:15,7.8024,6.743,85.89,64,63,1.59
431,Blagoveshchenka,RU,2021-10-24 15:00:16,52.8333,79.8667,48.52,73,64,12.73
432,Hobyo,SO,2021-10-24 14:55:17,5.3505,48.5268,80.4,74,21,12.46
433,Kodino,RU,2021-10-24 15:00:17,63.7198,39.6447,26.82,93,10,6.58
434,Wageningen,NL,2021-10-24 15:00:18,51.9667,5.6667,58.95,71,5,9.22
435,Tra Vinh,VN,2021-10-24 14:58:27,9.9347,106.3453,77.04,92,99,2.86
436,Coquimbo,CL,2021-10-24 14:58:12,-29.9533,-71.3436,60.53,72,0,10.36
437,Lata,PT,2021-10-24 15:00:19,40.1629,-8.3327,76.5,44,0,6.96
438,Puerto Del Rosario,ES,2021-10-24 15:00:20,28.5004,-13.8627,76.68,64,20,11.5
439,Kipini,KE,2021-10-24 15:00:21,-2.5257,40.5262,80.89,78,40,12.06
440,Fort Nelson,CA,2021-10-24 15:00:17,58.8053,-122.7002,26.19,100,90,2.3
441,Korla,CN,2021-10-24 14:55:59,41.7597,86.1469,52.18,34,0,4.36
442,Tommot,RU,2021-10-24 15:00:22,58.9564,126.2925,33.49,84,100,6.42
443,Pokhara,NP,2021-10-24 14:57:01,28.2333,83.9833,61.16,85,0,6.67
444,Huinan,CN,2021-10-24 15:00:23,42.6225,126.2614,41.43,65,0,4.68
445,Luanda,AO,2021-10-24 15:00:24,-8.8368,13.2343,77.76,74,99,13.91
446,Necochea,AR,2021-10-24 15:00:25,-38.5473,-58.7368,65.03,47,3,9.48
447,Skibbereen,IE,2021-10-24 15:00:25,51.55,-9.2667,58.8,84,76,19.17
448,Richards Bay,ZA,2021-10-24 14:55:34,-28.783,32.0377,65.28,66,100,10.07
449,Tchollire,CM,2021-10-24 15:00:26,8.4022,14.1698,91.58,46,41,1.99
450,Buzmeyin,TM,2021-10-24 15:00:27,38.0507,58.2056,62.96,21,14,4.45
451,Xichang,CN,2021-10-24 15:00:27,27.8964,102.2634,56.95,86,45,3.42
452,Media Luna,CU,2021-10-24 15:00:28,20.1419,-77.435,83.8,67,97,4.74
453,Ust-Omchug,RU,2021-10-24 15:00:28,61.15,149.6333,-3.21,96,100,1.81
454,Soyo,AO,2021-10-24 15:00:29,-6.1349,12.3689,79.39,78,100,11.95
455,Yamandu,SL,2021-10-24 15:00:29,7.9362,-11.4928,82.6,83,69,0.78
456,Muskegon,US,2021-10-24 15:00:29,43.3,-86.1334,46.94,89,1,0.0
457,Oxford,GB,2021-10-24 15:00:16,51.7522,-1.256,58.77,83,75,9.22
458,Pemangkat,ID,2021-10-24 15:00:30,1.1667,108.9667,80.22,79,39,3.2
459,Bakchar,RU,2021-10-24 15:00:31,57.0186,82.0711,41.9,86,17,8.05
460,Bambous Virieux,MU,2021-10-24 15:00:31,-20.3428,57.7575,76.21,76,25,13.47
461,Nantucket,US,2021-10-24 15:00:13,41.2835,-70.0995,53.1,68,0,16.73
462,Vaitape,PF,2021-10-24 15:00:32,-16.5167,-151.75,75.63,90,100,13.78
463,Carupano,VE,2021-10-24 15:00:32,10.6678,-63.2585,84.99,67,92,13.4
464,Mapiripan,CO,2021-10-24 15:00:33,2.8892,-72.1256,83.03,73,94,8.86
465,Malakal,SS,2021-10-24 15:00:33,9.5334,31.6605,90.57,36,32,4.76
466,Madang,PG,2021-10-24 15:00:34,-5.2246,145.7966,78.82,84,72,3.15
467,Salalah,OM,2021-10-24 15:00:22,17.0151,54.0924,79.27,72,6,5.79
468,Yeppoon,AU,2021-10-24 15:00:34,-23.1333,150.7333,74.98,79,12,2.8
469,Neyvo-Shaytanskiy,RU,2021-10-24 15:00:35,57.7286,61.2496,39.96,92,100,5.66
470,Tartagal,AR,2021-10-24 15:00:35,-22.5164,-63.8013,81.01,33,0,5.99
471,Sinegorye,RU,2021-10-24 15:00:35,62.0788,150.477,2.61,86,100,5.08
472,Almaznyy,RU,2021-10-24 15:00:36,48.0448,40.045,46.54,47,100,7.11
473,Kununurra,AU,2021-10-24 14:51:39,-15.7667,128.7333,82.38,69,20,6.91
474,Guiratinga,BR,2021-10-24 15:00:36,-16.3494,-53.7583,89.24,50,100,2.21
475,Svetlaya,RU,2021-10-24 15:00:37,46.5389,138.3297,44.42,65,0,6.22
476,Taltal,CL,2021-10-24 15:00:37,-25.4,-70.4833,64.67,66,10,8.97
477,Nuuk,GL,2021-10-24 15:00:38,64.1835,-51.7216,29.01,37,40,11.5
478,Padilla,CO,2021-10-24 15:00:38,3.2204,-76.3139,78.89,70,64,3.56
479,Matias Olimpio,BR,2021-10-24 15:00:39,-3.7158,-42.5556,97.32,35,40,4.03
480,Nieves,PH,2021-10-24 15:00:39,15.3274,120.9485,74.98,90,100,0.49
481,Maniitsoq,GL,2021-10-24 14:55:51,65.4167,-52.9,25.88,59,11,4.76
482,Bull Savanna,JM,2021-10-24 15:00:40,17.8868,-77.5902,82.49,68,96,11.97
483,Qorveh,IR,2021-10-24 15:00:40,35.1664,47.8045,50.72,25,0,5.28
484,Elban,RU,2021-10-24 15:00:41,50.1018,136.5094,37.0,86,5,4.7
485,Edson,CA,2021-10-24 15:00:16,53.5835,-116.4356,34.3,96,70,2.55
486,Meulaboh,ID,2021-10-24 15:00:41,4.1363,96.1285,75.76,92,100,6.6
487,Laguna,US,2021-10-24 15:00:42,38.421,-121.4238,60.6,93,90,5.99
488,Tabatinga,BR,2021-10-24 15:00:42,-4.2525,-69.9381,86.0,70,20,5.75
489,San Rafael,AR,2021-10-24 14:54:13,-34.6177,-68.3301,69.75,19,0,10.33
490,Trenggalek,ID,2021-10-24 15:00:43,-8.05,111.7167,76.1,88,100,2.19
491,Gorele,TR,2021-10-24 15:00:43,41.0308,39.0031,60.24,76,79,3.85
492,Jumla,NP,2021-10-24 15:00:43,29.2747,82.1838,46.24,92,11,4.68
493,Khani,GE,2021-10-24 15:00:44,41.9563,42.9566,53.17,72,100,3.53
494,Gay,RU,2021-10-24 15:00:44,51.4666,58.4552,51.94,59,100,11.45
495,Belmonte,BR,2021-10-24 15:00:45,-15.8631,-38.8828,81.1,72,42,8.57
496,Lethem,GY,2021-10-24 15:00:45,3.3803,-59.7968,92.8,45,11,8.7
497,Virginia Beach,US,2021-10-24 15:00:45,36.8529,-75.978,70.02,71,21,1.99
498,Morrope,PE,2021-10-24 15:00:46,-6.5417,-80.0111,71.8,65,45,12.03
499,Antofagasta,CL,2021-10-24 14:56:05,-23.65,-70.4,68.22,59,14,9.19
500,Dumfries,US,2021-10-24 15:00:46,38.5676,-77.328,61.63,79,98,4.59
501,Okhotsk,RU,2021-10-24 15:00:47,59.3833,143.3,20.14,84,100,4.52
502,Laiyang,CN,2021-10-24 15:00:47,36.9758,120.7136,51.15,73,2,0.69
503,Khromtau,KZ,2021-10-24 15:00:48,50.2503,58.4347,48.38,31,99,12.03
504,Marrakesh,MA,2021-10-24 15:00:48,31.6315,-8.0083,86.07,26,75,3.44
505,Prince Rupert,CA,2021-10-24 14:55:16,54.3161,-130.3201,47.89,66,61,6.91
506,Rodrigues Alves,BR,2021-10-24 15:00:49,-7.738,-72.6509,94.06,43,43,5.91
507,Asosa,ET,2021-10-24 15:00:49,10.0667,34.5333,69.49,68,98,4.21
508,Fairbanks,US,2021-10-24 14:58:15,64.8378,-147.7164,30.22,90,100,1.9
509,Tabuk,PH,2021-10-24 15:00:50,17.4189,121.4443,73.38,92,100,2.3
510,Eyl,SO,2021-10-24 15:00:50,7.9803,49.8164,79.59,76,1,13.4
511,Vestmannaeyjar,IS,2021-10-24 14:54:38,63.4427,-20.2734,47.39,93,75,13.8
512,San Jose,US,2021-10-24 14:57:45,37.3394,-121.895,62.71,88,100,3.0
513,Verkhnyaya Inta,RU,2021-10-24 15:00:51,65.9811,60.3094,25.68,95,100,12.86
514,Tadine,NC,2021-10-24 15:00:51,-21.55,167.8833,70.61,84,33,12.37
515,Lingao,CN,2021-10-24 15:00:52,19.9103,109.6859,72.3,77,100,6.38
516,Pitimbu,BR,2021-10-24 15:00:52,-7.4706,-34.8086,84.04,61,95,13.78
517,Saint-Francois,FR,2021-10-24 14:55:16,46.4154,3.9054,66.47,58,0,5.75
518,Khuldabad,IN,2021-10-24 15:00:53,20.05,75.1833,70.02,54,59,7.43
519,Anadyr,RU,2021-10-24 14:54:55,64.75,177.4833,1.9,85,75,6.71
520,Miyako,JP,2021-10-24 15:00:53,39.6367,141.9525,49.86,76,1,5.44
521,Gobabis,NA,2021-10-24 15:00:54,-22.45,18.9667,89.2,7,1,15.41
522,Kharp,RU,2021-10-24 15:00:54,66.8014,65.8081,20.26,92,61,7.65
523,Kindu,CD,2021-10-24 15:00:55,-2.95,25.95,80.89,78,99,1.36
524,Krasnoarmeysk,RU,2021-10-24 15:00:55,51.0239,45.6969,45.28,55,100,7.94
525,Yerbogachen,RU,2021-10-24 15:00:55,61.2767,108.0108,34.21,97,100,11.43
526,Lakselv,NO,2021-10-24 15:00:56,70.0513,24.9718,21.02,86,0,2.3
527,Oum Hadjer,TD,2021-10-24 15:00:56,13.2954,19.6966,98.89,16,1,7.96
528,Barra Do Garcas,BR,2021-10-24 15:00:37,-15.89,-52.2567,97.3,32,82,6.8
529,Gigant,RU,2021-10-24 15:00:57,46.5066,41.3419,48.49,58,100,12.82
530,Aksarka,RU,2021-10-24 15:00:58,66.5606,67.7975,24.22,81,8,15.48
531,Agadez,NE,2021-10-24 15:00:58,19.75,10.25,95.7,8,4,8.32
532,Ust-Nera,RU,2021-10-24 15:00:59,64.5667,143.2,8.85,97,100,6.51
533,Pyay,MM,2021-10-24 15:00:59,18.8167,95.2167,75.11,96,100,7.92
534,Poltavka,RU,2021-10-24 15:01:00,54.3663,71.7632,50.79,73,100,14.12
535,Boddam,GB,2021-10-24 15:01:00,57.4667,-1.7833,60.12,85,57,25.97
536,Renqiu,CN,2021-10-24 15:01:01,38.6989,116.0936,53.58,60,3,7.25
537,Osoyoos,CA,2021-10-24 15:00:55,49.0331,-119.4524,52.0,90,100,4.21
538,Honolulu,US,2021-10-24 14:59:55,21.3069,-157.8583,76.86,72,100,11.99
539,Sao Gabriel,BR,2021-10-24 15:01:02,-30.3364,-54.32,68.83,47,0,9.69
540,Chiredzi,ZW,2021-10-24 15:01:02,-21.05,31.6667,84.34,41,35,17.49
541,Touros,BR,2021-10-24 14:55:07,-5.1989,-35.4608,86.9,56,91,14.25
542,Tokur,RU,2021-10-24 15:01:03,53.1333,132.9,22.48,98,57,3.27
543,Aasiaat,GL,2021-10-24 15:01:04,68.7098,-52.8699,14.9,95,100,5.26
544,Yelizovo,RU,2021-10-24 15:01:04,53.1873,158.3805,27.52,85,63,8.05
545,Coalinga,US,2021-10-24 15:01:04,36.1397,-120.3602,61.32,58,100,6.51
546,Sechura,PE,2021-10-24 15:01:05,-5.5569,-80.8222,72.97,63,40,8.46
547,Isetskoye,RU,2021-10-24 15:01:05,56.4858,65.3226,48.87,92,100,15.12
548,Businga,CD,2021-10-24 15:01:06,3.3333,20.8833,80.15,79,95,2.98
549,Makakilo City,US,2021-10-24 14:55:55,21.3469,-158.0858,75.56,78,90,3.44
550,Azovo,RU,2021-10-24 15:01:06,54.6997,73.0237,49.75,76,100,9.86
551,Tashara,RU,2021-10-24 15:01:07,55.5195,83.5094,50.23,86,96,9.73
552,Mirabad,AF,2021-10-24 15:01:07,30.4362,61.8383,68.4,14,25,5.88
553,Oksfjord,NO,2021-10-24 15:01:08,70.2396,22.3479,32.18,89,100,8.32
554,Khuzhir,RU,2021-10-24 15:01:08,53.1939,107.3397,41.04,72,71,6.78
555,Boissevain,CA,2021-10-24 15:01:09,49.2306,-100.0559,35.06,82,100,12.41
556,Orocue,CO,2021-10-24 15:01:09,4.7912,-71.3354,86.59,60,98,13.65
557,Solnechnyy,RU,2021-10-24 15:01:09,50.7214,136.6319,34.05,82,6,4.34
558,Hudiksvall,SE,2021-10-24 15:01:10,61.729,17.1036,46.53,87,100,7.54
559,Guanare,VE,2021-10-24 15:01:10,9.0418,-69.7421,82.06,79,75,4.03
560,Pangody,RU,2021-10-24 15:01:10,65.85,74.4859,25.11,82,13,21.79
561,Oyama,JP,2021-10-24 14:54:35,36.3,139.8,62.58,57,100,2.62
